{
    "type": "minecraft:block",
    "pools": [
        {
            "bonus_rolls": 0.0,
            "conditions": [
                {
                    "condition": "minecraft:survives_explosion"
                }
            ],
            "entries": [
                {
                    "type": "minecraft:item",
                    "name": "minecraft:ancient_debris",
                    "functions": [
                        {
                            "function": "minecraft:furnace_smelt",
                            "conditions": [
                                {
                                    "condition": "minecraft:match_tool",
                                    "predicate": {
                                        "nbt": "{AutoSmeltLevel:1b}"
                                    }
                                }
                            ]
                        }
                    ]
                }
            ],
            "rolls": 1.0
        }
    ]
}