{
    "type": "minecraft:block",
    "pools": [
        {
            "rolls": 1,
            "bonus_rolls": 0,
            "entries": [
                {
                    "type": "minecraft:alternatives",
                    "children": [
                        {
                            "type": "minecraft:item",
                            "name": "minecraft:deepslate_copper_ore",
                            "conditions": [
                                {
                                    "condition": "minecraft:match_tool",
                                    "predicate": {
                                        "enchantments": [
                                            {
                                                "enchantment": "minecraft:silk_touch",
                                                "levels": {
                                                    "min": 1
                                                }
                                            }
                                        ]
                                    }
                                }
                            ]
                        },
                        {
                            "type": "minecraft:item",
                            "name": "minecraft:raw_copper",
                            "functions": [
                                {
                                    "function": "minecraft:furnace_smelt",
                                    "conditions": [
                                        {
                                            "condition": "minecraft:match_tool",
                                            "predicate": {
                                                "nbt": "{AutoSmeltLevel:1b}"
                                            }
                                        }
                                    ]
                                },
                                {
                                    "function": "minecraft:set_count",
                                    "count": {
                                        "type": "minecraft:uniform",
                                        "min": 2,
                                        "max": 5
                                    },
                                    "add": false
                                },
                                {
                                    "function": "minecraft:apply_bonus",
                                    "enchantment": "minecraft:fortune",
                                    "formula": "minecraft:ore_drops"
                                },
                                {
                                    "function": "minecraft:explosion_decay"
                                }
                            ]
                        }
                    ]
                }
            ]
        }
    ]
}