{
    "parent": "daegl:dungeon_levels/complete_golden_tunnels",
    "display": {
        "icon": {
            "item": "minecraft:amethyst_shard"
        },
        "title": {
            "text": "A Giant Problem",
            "color": "#BF9EF0"
        },
        "description": {
            "text": "Defeat the Heart of the Mountain",
            "color": "#552A85"
        },
        "frame": "challenge",
        "hidden": true
    },
    "criteria": {
        "requirement": {
            "trigger": "minecraft:impossible"
        }
    }
}