{
    "parent": "daegl:dungeon_levels/complete_copper_caves",
    "display": {
        "icon": {
            "item": "minecraft:iron_block"
        },
        "title": {
            "text": "Fe-ntastic Work",
            "color": "#938B8A"
        },
        "description": {
            "text": "Complete the second level of the Mines of Daegl",
            "color": "#857376"
        },
        "frame": "challenge",
        "hidden": true
    },
    "criteria": {
        "requirement": {
            "trigger": "minecraft:impossible"
        }
    }
}