{
    "parent": "daegl:dungeon_levels/enter_dungeon",
    "display": {
        "icon": {
            "item": "minecraft:exposed_copper"
        },
        "title": {
            "text": "You're Cu-te",
            "color": "#B87333"
        },
        "description": {
            "text": "Complete the first level of the Mines of Daegl",
            "color": "#4E7566"
        },
        "frame": "challenge",
        "hidden": true
    },
    "criteria": {
        "requirement": {
            "trigger": "minecraft:impossible"
        }
    }
}