{
    "parent": "daegl:dungeon_levels/complete_iron_mines",
    "display": {
        "icon": {
            "item": "minecraft:gold_block"
        },
        "title": {
            "text": "Au-tstanding",
            "color": "#F7EF8A"
        },
        "description": {
            "text": "Complete the third level of the Mines of Daegl",
            "color": "#926F34"
        },
        "frame": "challenge",
        "hidden": true
    },
    "criteria": {
        "requirement": {
            "trigger": "minecraft:impossible"
        }
    }
}