{
    "display": {
        "icon": {
            "item": "minecraft:netherite_pickaxe",
            "nbt": "{CustomModelData:3}"
        },
        "title": {
            "text": "The Mines of Daegl",
            "color": "dark_red"
        },
        "description": {
            "text": "Welcome to the Mines of Daegl event!",
            "color": "gold"
        },
        "background": "minecraft:textures/block/cobbled_deepslate.png",
        "frame": "task"
    },
    "criteria": {
        "requirement": {
            "trigger": "minecraft:tick"
        }
    }
}