{
    "type": "minecraft:entity",
    "pools": [
        {
            "rolls": 1,
            "entries": [
                {
                    "type": "minecraft:loot_table",
                    "name": "daegl:entities/greater_enemy"
                }
            ]
        },
        {
            "rolls": 1,
            "entries": [
                {
                    "type": "minecraft:item",
                    "name": "minecraft:netherite_scrap",
                    "functions": [
                        {
                            "function": "minecraft:set_name",
                            "name": {
                                "text": "Firestone Pickaxe Head",
                                "color": "gold",
                                "italic": false
                            }
                        },
                        {
                            "function": "minecraft:set_nbt",
                            "tag": "{CustomModelData:1,FirestonePickaxeHead:1b}"
                        }
                    ]
                }
            ]
        }
    ]
}