{
    "type": "minecraft:entity",
    "pools": [
        {
            "rolls": 1,
            "entries": [
                {
                    "type": "minecraft:loot_table",
                    "name": "daegl:glow_crystal",
                    "functions": [
                        {
                            "function": "minecraft:set_count",
                            "count": {
                                "min": 0,
                                "max": 2
                            }
                        }
                    ],
                    "conditions": [
                        {
                            "condition": "minecraft:random_chance_with_looting",
                            "chance": 0.4,
                            "looting_multiplier": 0.2
                        }
                    ]
                }
            ]
        }
    ]
}