{
    "parent": "daegl:events/start_level/root",
    "criteria": {
        "cross_barrier": {
            "trigger": "minecraft:enter_block",
            "conditions": {
                "player": [
                    {
                        "condition": "minecraft:reference",
                        "name": "daegl:in_daegl"
                    },
                    {
                        "condition": "minecraft:entity_properties",
                        "entity": "this",
                        "predicate": {
                            "location": {
                                "position": {
                                    "x": {
                                        "min": 5948,
                                        "max": 5949
                                    },
                                    "y": {
                                        "min": 61,
                                        "max": 68
                                    },
                                    "z": {
                                        "min": -4136,
                                        "max": -4126
                                    }
                                },
                                "dimension": "daegl:mines"
                            },
                            "player": {
                                "gamemode": "adventure"
                            }
                        }
                    }
                ]
            }
        }
    },
    "requirements": [
        [
            "cross_barrier"
        ]
    ],
    "rewards": {
        "function": "daegl:dungeon/levels/1/play/start"
    }
}