{
    "parent": "daegl:events/start_level/root",
    "criteria": {
        "requirement": {
            "trigger": "minecraft:item_used_on_block",
            "conditions": {
                "player": [
                    {
                        "condition": "minecraft:reference",
                        "name": "daegl:in_daegl"
                    }
                ],
                "location": {
                    "position": {
                        "x": {
                            "min": 5961,
                            "max": 5962
                        },
                        "y": {
                            "min": -6,
                            "max": -5
                        },
                        "z": {
                            "min": -4149,
                            "max": -4148
                        }
                    },
                    "dimension": "daegl:mines",
                    "block": {
                        "blocks": [
                            "minecraft:lever"
                        ]
                    }
                }
            }
        }
    },
    "rewards": {
        "function": "daegl:dungeon/levels/4/play/start"
    }
}