{
    "parent": "daegl:events/root",
    "criteria": {
        "buy_axe": {
            "trigger": "minecraft:villager_trade",
            "conditions": {
                "item": {
                    "items": [
                        "minecraft:diamond_pickaxe"
                    ],
                    "nbt": "{DiamondPickaxeUpgrade:1b}"
                }
            }
        }
    },
    "requirements": [
        [
            "buy_axe"
        ]
    ],
    "rewards": {
        "function": "daegl:start_area/upgrades/pickaxe"
    }
}