{
    "parent": "daegl:events/root",
    "criteria": {
        "buy_book": {
            "trigger": "minecraft:villager_trade",
            "conditions": {
                "item": {
                    "items": [
                        "minecraft:enchanted_book"
                    ],
                    "nbt": "{EfficiencyUpgrade:1b}"
                }
            }
        }
    },
    "requirements": [
        [
            "buy_book"
        ]
    ],
    "rewards": {
        "function": "daegl:start_area/upgrades/efficiency"
    }
}