{
    "type": "minecraft:entity",
    "pools": [
        {
            "rolls": 1,
            "entries": [
                {
                    "type": "minecraft:item",
                    "name": "minecraft:glowstone_dust",
                    "functions": [
                        {
                            "function": "minecraft:set_name",
                            "name": {
                                "text": "Light Reagent",
                                "color": "yellow",
                                "italic": false
                            }
                        },
                        {
                            "function": "minecraft:set_nbt",
                            "tag": "{IsLightEssence:1b}"
                        },
                        {
                            "function": "minecraft:set_count",
                            "count": {
                                "min": 1,
                                "max": 2
                            }
                        }
                    ],
                    "conditions": [
                        {
                            "condition": "minecraft:random_chance",
                            "chance": 0.5
                        },
                        {
                            "condition": "minecraft:killed_by_player"
                        }
                    ]
                }
            ]
        }
    ]
}