{
    "parent": "daegl:events/root",
    "criteria": {
        "requirement": {
            "trigger": "minecraft:tick",
            "conditions": {
                "player": [
                    {
                        "condition": "minecraft:entity_scores",
                        "entity": "this",
                        "scores": {
                            "daegl.spawners_destroyed": {
                                "min": 1
                            }
                        }
                    },
                    {
                        "condition": "minecraft:reference",
                        "name": "daegl:in_daegl"
                    }
                ]
            }
        }
    },
    "rewards": {
        "function": "daegl:dungeon/levels/destroyed_spawner"
    }
}