{
    "parent": "daegl:events/root",
    "criteria": {
        "enter_block": {
            "trigger": "minecraft:location",
            "conditions": {
                "player": {
                    "location": {
                        "position": {
                            "x": {
                                "min": -611,
                                "max": -610
                            },
                            "y": {
                                "min": 64,
                                "max": 65
                            },
                            "z": {
                                "min": 1374,
                                "max": 1375
                            }
                        },
                        "dimension": "minecraft:overworld"
                    }
                }
                
            }
        }
    },
    "requirements": [
        [
            "enter_block"
        ]
    ],
    "rewards": {
        "function": "daegl:start_area/ferry/teleport_to_port"
    }
}