{
    "parent": "daegl:events/root",
    "criteria": {
        "enter_block": {
            "trigger": "minecraft:location",
            "conditions": {
                "player": {
                    "location": {
                        "position": {
                            "x": {
                                "min": 6053,
                                "max": 6054
                            },
                            "y": {
                                "min": 64,
                                "max": 65
                            },
                            "z": {
                                "min": -4125,
                                "max": -4124
                            }
                        },
                        "dimension": "daegl:mines"
                    }
                }
                
            }
        }
    },
    "requirements": [
        [
            "enter_block"
        ]
    ],
    "rewards": {
        "function": "daegl:start_area/ferry/teleport_to_spawn"
    }
}