{
    "parent": "daegl:events/root",
    "criteria": {
        "press_button": {
            "trigger": "minecraft:item_used_on_block",
            "conditions": {
                "player": [
                    {
                        "condition": "minecraft:entity_properties",
                        "entity": "this",
                        "predicate": {
                            "type": "minecraft:player"
                        }
                    }
                ],
                "location": {
                    "position": {
                        "x": {
                            "min": 1078,
                            "max": 1079
                        },
                        "y": {
                            "min": 89,
                            "max": 90
                        },
                        "z": {
                            "min": 23,
                            "max": 24
                        }
                    },
                    "dimension": "minecraft:overworld",
                    "block": {
                        "tag": "minecraft:buttons"
                    }
                }
            }
        }
    },
    "requirements": [
        [
            "press_button"
        ]
    ],
    "rewards": {
        "function": "daegl:start_area/ferry/teleport_to_port"
    }
}