{
    "parent": "daegl:events/root",
    "criteria": {
        "requirement": {
            "trigger": "minecraft:tick",
            "conditions": {
                "player": [
                    {
                        "condition": "minecraft:entity_scores",
                        "entity": "this",
                        "scores": {
                            "iamstuck": {
                                "min": 1
                            }
                        }
                    }
                ]
            }
        }
    },
    "rewards": {
        "function": "daegl:dungeon/unstuck_player"
    }
}