{
    "parent": "daegl:dungeon_levels/upgrades/buy_miners_axe",
    "display": {
        "icon": {
            "item": "minecraft:netherite_axe"
        },
        "title": {
            "text": "Heeeere's Johnny!"
        },
        "description": {
            "text": "Use the Miner's Axe to break down a wooden barrier"
        }
    },
    "criteria": {
        "break_oak_block": {
            "trigger": "minecraft:tick",
            "conditions": {
                "player": [
                    {
                        "condition": "minecraft:alternative",
                        "terms": [
                            {
                                "condition": "minecraft:entity_scores",
                                "entity": "this",
                                "scores": {
                                    "daegl.break_oak_planks": {
                                        "min": 1
                                    }
                                }
                            },
                            {
                                "condition": "minecraft:entity_scores",
                                "entity": "this",
                                "scores": {
                                    "daegl.break_oak_stairs": {
                                        "min": 1
                                    }
                                }
                            },
                            {
                                "condition": "minecraft:entity_scores",
                                "entity": "this",
                                "scores": {
                                    "daegl.break_oak_slab": {
                                        "min": 1
                                    }
                                }
                            }
                        ]
                    },
                    {
                        "condition": "minecraft:entity_properties",
                        "entity": "this",
                        "predicate": {
                            "equipment": {
                                "mainhand": {
                                    "items": [
                                        "minecraft:iron_axe"
                                    ],
                                    "nbt": "{DaeglAxe:1b}"
                                }
                            }
                        }
                    }
                ]
            }
        }
    },
    "requirements": [
        [
            "break_oak_block"
        ]
    ],
    "rewards": {
        "experience": 50
    }
}