{
    "parent": "daegl:dungeon_levels/upgrades/fortune/1",
    "display": {
        "icon": {
            "item": "minecraft:diamond"
        },
        "title": {
            "text": "Cell Division"
        },
        "description": {
            "text": "Buy the maximum level of the Fortune upgrade from the Pickaxe Upgrades shop"
        },
        "frame": "challenge"
    },
    "criteria": {
        "buy_book": {
            "trigger": "minecraft:impossible"
        }
    },
    "requirements": [
        [
            "buy_book"
        ]
    ],
    "rewards": {
        "experience": 100
    }
}