{
    "parent": "daegl:events/merchant_dialogue/root",
    "criteria": {
        "requirement": {
            "trigger": "minecraft:enter_block",
            "conditions": {
                "player": {
                    "location": {
                        "position": {
                            "x": {
                                "min": 6055,
                                "max": 6057
                            },
                            "y": {
                                "min": 74,
                                "max": 75
                            },
                            "z": {
                                "min": -4101,
                                "max": -4100
                            }

                        },
                        "dimension": "daegl:mines"
                    }
                }
                
            }
        }
    },
    "rewards": {
        "function": "daegl:start_area/merchant_dialogue/fidelan_merchant"
    }
}