{
    "parent": "daegl:events/merchant_dialogue/root",
    "criteria": {
        "requirement": {
            "trigger": "minecraft:enter_block",
            "conditions": {
                "player": {
                    "location": {
                        "position": {
                            "x": {
                                "min": 6026,
                                "max": 6027
                            },
                            "y": {
                                "min": 72,
                                "max": 73
                            },
                            "z": {
                                "min": -4106,
                                "max": -4105
                            }
                        },
                        "dimension": "daegl:mines"
                    }
                }
            }
        }
    },
    "rewards": {
        "function": "daegl:start_area/merchant_dialogue/upgrades"
    }
}