{
  "type": "minecraft:entity",
  "pools": [
    {
      "rolls": 1,
      "entries": [
        {
          "type": "minecraft:item",
          "functions": [
            {
              "function": "minecraft:fill_player_head",
              "entity": "this"
            },
            {
              "function": "minecraft:set_name",
              "entity": "this",
              "name": {
                "selector": "@s",
                "color": "blue",
                "italic": false
              }
            },
            {
              "function": "minecraft:set_nbt",
              "tag": "{rx.player_head:1b}"
            }
          ],
          "name": "minecraft:player_head"
        }
      ]
    }
  ]
}
